C (%),Si (%),Mn (%),P (%),S (%),Ni (%),Cr (%),Cu (%),Mo (%),Ingot Size (kg),Reduction Ratio (%),Inclusion Rating,Normalizing Temp (°C),Normalizing Time (h),Quenching Temp (°C),Quenching Time (s),Tempering Temp (°C),Tempering Time (h),Yield Strength (MPa),Ultimate Tensile Strength (MPa),% Elongation,% Reduction in Area,Hardness (HV),Charpy Impact Energy (J),Fatigue Strength (MPa)
0.481,1.188,0.574,0.0353,0.0336,0.329,1.09,0.315,0.141,4705.0,6.79,5,945.0,1.74,836.0,38.0,464.0,4.25,616,744,24.54,34.13,371,82.22,392
1.143,0.882,0.248,0.0253,0.0263,3.184,1.954,0.124,0.571,3601.0,6.11,0,905.0,2.48,767.0,25.0,665.0,1.06,793,911,15.54,29.0,680,52.04,504
0.892,0.694,0.527,0.0204,0.0137,2.342,0.339,0.353,0.185,4205.0,4.31,0,812.0,1.38,769.0,49.0,442.0,1.08,809,922,18.97,25.73,533,70.43,477
0.738,1.369,1.249,0.0304,0.0118,2.903,0.132,0.214,0.279,3003.0,2.05,0,929.0,3.7,786.0,34.0,445.0,3.01,711,851,17.39,28.73,455,69.02,368
0.229,0.256,0.959,0.022,0.0135,3.076,1.563,0.221,0.219,4008.0,5.97,1,872.0,1.43,765.0,11.0,260.0,4.76,553,604,29.15,35.17,318,120.4,301
0.229,0.79,1.807,0.0356,0.0276,2.001,1.634,0.325,0.183,573.0,4.29,5,810.0,3.64,864.0,12.0,601.0,2.37,624,729,29.36,43.51,274,113.03,356
0.117,0.116,1.671,0.0365,0.0238,1.811,0.328,0.468,0.826,4183.0,7.88,1,882.0,0.86,861.0,35.0,323.0,1.97,506,634,27.73,47.5,237,94.87,328
1.046,0.756,0.815,0.0198,0.0081,1.506,0.605,0.032,0.286,681.0,2.19,4,863.0,2.8,779.0,57.0,650.0,3.23,759,863,14.37,26.49,603,38.9,406
0.741,0.179,0.667,0.0147,0.0077,1.109,0.133,0.412,0.927,4505.0,6.68,3,932.0,3.67,877.0,22.0,655.0,4.69,797,879,17.02,42.13,490,53.67,429
0.864,0.266,0.883,0.0257,0.0052,1.521,0.657,0.146,0.97,4964.0,9.53,5,831.0,1.09,782.0,53.0,672.0,4.27,704,767,20.0,39.3,540,61.59,340
0.074,0.265,1.263,0.0369,0.0238,2.709,1.569,0.222,0.571,1823.0,3.4,3,924.0,3.89,802.0,47.0,460.0,4.98,539,677,25.87,58.16,254,108.68,345
1.165,1.009,0.683,0.0124,0.0272,2.107,1.084,0.011,0.143,1446.0,5.77,0,884.0,2.09,795.0,19.0,539.0,0.6,796,893,13.59,26.93,648,64.95,405
1.007,1.144,1.323,0.0268,0.0107,3.124,0.761,0.151,0.375,3944.0,2.73,5,808.0,3.81,812.0,7.0,589.0,1.01,746,883,13.7,35.78,572,75.18,454
0.294,0.917,0.937,0.0271,0.0027,1.552,0.806,0.251,0.798,1639.0,7.01,2,946.0,2.87,796.0,11.0,266.0,3.24,596,704,23.37,45.66,297,103.87,329
0.259,1.447,1.194,0.0307,0.0047,2.125,0.103,0.028,0.367,4395.0,6.4,1,877.0,1.56,828.0,45.0,500.0,4.19,549,666,22.37,45.86,244,89.82,238
0.261,0.625,0.985,0.0096,0.0339,2.21,0.67,0.246,0.087,963.0,5.26,1,844.0,1.16,817.0,16.0,217.0,1.78,594,724,25.65,42.44,270,119.37,385
0.4,0.5,0.73,0.0301,0.0117,2.071,1.328,0.464,0.557,1067.0,6.17,5,870.0,1.56,898.0,25.0,449.0,1.58,648,763,21.47,30.68,368,103.21,396
0.653,1.316,1.907,0.0368,0.0274,2.459,1.951,0.053,0.845,4906.0,9.17,0,929.0,0.83,768.0,33.0,277.0,4.04,811,900,20.32,40.13,487,78.59,490
0.547,0.413,1.574,0.0113,0.0226,0.831,1.709,0.382,0.796,3532.0,3.57,1,846.0,1.0,780.0,45.0,291.0,0.75,664,765,25.33,44.83,442,60.07,319
0.385,1.449,0.452,0.0133,0.0146,1.793,0.145,0.205,0.175,4311.0,2.18,0,829.0,0.87,767.0,11.0,383.0,2.16,577,707,24.62,34.67,331,94.07,333
0.754,0.117,1.763,0.039,0.0088,0.365,1.807,0.328,0.673,1959.0,8.89,4,819.0,1.98,848.0,27.0,416.0,2.78,815,902,22.68,34.87,514,53.75,454
0.21,1.458,1.077,0.0113,0.006,1.346,1.588,0.13,0.221,3544.0,6.62,3,845.0,3.28,768.0,32.0,512.0,3.02,517,605,24.89,50.76,322,96.61,319
0.386,0.16,1.81,0.0349,0.0223,1.707,1.583,0.08,0.218,3174.0,9.13,2,917.0,0.99,877.0,35.0,237.0,3.78,642,701,21.65,40.48,368,86.86,306
0.471,1.348,1.64,0.0222,0.0276,2.283,0.97,0.08,0.874,3214.0,6.78,3,871.0,0.96,832.0,50.0,452.0,2.1,597,738,20.88,46.55,386,101.78,381
0.574,0.839,0.965,0.0137,0.0232,3.327,0.856,0.035,0.25,3571.0,8.48,3,834.0,2.75,834.0,14.0,291.0,3.26,684,743,21.26,37.82,408,72.82,354
0.953,1.49,0.24,0.0355,0.0195,2.102,0.676,0.093,0.263,3089.0,5.44,4,825.0,1.19,839.0,49.0,487.0,3.13,756,870,21.15,28.31,542,78.14,379
0.28,0.203,0.684,0.0206,0.0034,2.603,0.225,0.332,0.001,2431.0,8.0,1,850.0,0.84,784.0,43.0,519.0,2.96,596,687,22.48,50.65,268,119.21,320
0.641,0.875,1.175,0.023,0.034,1.772,0.534,0.441,0.871,1742.0,9.3,2,941.0,1.08,788.0,36.0,478.0,3.38,673,763,21.62,32.51,411,81.37,396
0.731,1.457,1.34,0.0176,0.0284,2.219,0.569,0.407,0.793,3959.0,6.58,1,851.0,3.73,805.0,43.0,569.0,1.67,741,858,17.64,31.76,498,76.89,374
0.103,0.832,0.664,0.0258,0.0117,0.248,1.02,0.343,0.627,1518.0,3.45,5,948.0,3.38,843.0,28.0,368.0,0.88,556,612,28.01,43.46,195,107.13,325
0.749,0.981,0.451,0.0107,0.0343,0.89,1.52,0.055,0.75,3616.0,4.15,3,873.0,1.74,789.0,13.0,583.0,1.04,670,779,16.25,29.31,514,63.54,398
0.246,1.074,1.703,0.0187,0.0219,1.266,1.0,0.145,0.152,1550.0,3.59,5,827.0,2.8,776.0,42.0,416.0,1.51,546,673,28.07,45.85,265,95.12,328
0.125,0.736,1.972,0.0389,0.0212,1.654,0.21,0.155,0.458,3314.0,3.97,0,934.0,2.38,896.0,34.0,442.0,2.75,515,647,28.04,44.94,207,120.43,274
1.141,0.979,1.146,0.014,0.0267,0.16,1.92,0.125,0.351,3862.0,4.45,3,869.0,2.87,763.0,40.0,524.0,4.28,846,913,15.06,29.62,664,54.07,409
1.16,0.918,0.509,0.028,0.0288,0.49,1.891,0.258,0.094,1484.0,6.44,1,906.0,2.89,872.0,24.0,209.0,3.66,788,927,12.95,18.13,701,25.59,451
0.98,1.362,0.69,0.0164,0.0237,0.969,1.592,0.268,0.486,770.0,6.7,3,948.0,2.7,870.0,55.0,527.0,4.05,751,866,11.44,24.79,585,55.14,399
0.4,0.164,0.233,0.0321,0.0062,3.4,1.984,0.178,0.921,1089.0,5.41,0,808.0,1.43,802.0,37.0,509.0,2.08,653,791,26.19,42.26,406,99.14,385
0.162,0.493,1.846,0.0096,0.0132,1.16,1.135,0.177,0.04,3227.0,6.92,4,815.0,0.64,779.0,10.0,355.0,2.32,570,668,23.54,54.11,267,106.9,361
0.837,1.431,0.412,0.0389,0.0326,1.687,1.929,0.414,0.291,4323.0,2.65,5,908.0,2.09,780.0,30.0,243.0,2.27,750,854,13.71,35.15,514,58.87,418
0.556,1.346,1.238,0.0209,0.0094,0.686,0.244,0.395,0.208,702.0,2.7,5,842.0,3.62,858.0,47.0,245.0,1.36,612,753,19.83,35.93,375,85.62,367
0.19,0.738,0.693,0.0133,0.0143,2.138,0.795,0.154,0.238,3804.0,3.37,1,828.0,2.49,850.0,49.0,662.0,0.78,489,628,25.34,38.75,278,108.98,305
0.619,0.968,1.198,0.0076,0.0163,0.982,0.528,0.457,0.908,2036.0,6.14,3,806.0,3.41,870.0,32.0,545.0,3.16,693,787,23.51,34.38,416,73.14,423
0.09,0.488,1.373,0.0109,0.0165,0.724,0.472,0.476,0.468,2653.0,3.71,1,803.0,3.97,891.0,54.0,264.0,4.95,525,602,28.31,47.99,229,118.15,339
1.096,0.363,1.694,0.0232,0.0222,1.808,0.368,0.163,0.466,4680.0,4.27,4,916.0,1.07,857.0,20.0,378.0,1.25,872,961,16.05,16.29,610,44.99,493
0.348,0.749,0.572,0.0168,0.0331,0.019,1.283,0.177,0.761,1994.0,5.2,3,820.0,2.92,782.0,28.0,496.0,0.71,651,739,23.64,36.97,345,86.16,373
0.812,0.595,0.22,0.034,0.0099,0.027,1.585,0.253,0.154,2594.0,8.49,3,870.0,2.86,794.0,54.0,618.0,4.01,670,748,18.46,30.07,527,45.22,380
0.408,0.917,0.446,0.0201,0.006,0.767,1.199,0.471,0.487,562.0,2.11,1,891.0,3.93,878.0,54.0,222.0,1.64,633,709,24.83,40.55,366,95.15,397
0.648,0.209,1.82,0.0137,0.0085,0.129,0.379,0.438,0.43,867.0,7.2,1,864.0,3.95,789.0,43.0,318.0,4.23,651,787,21.67,36.77,416,80.28,407
0.679,1.464,1.773,0.0266,0.0313,0.378,1.641,0.051,0.597,1664.0,7.35,0,804.0,2.9,770.0,52.0,645.0,3.67,857,913,18.89,33.37,481,60.41,502
0.263,1.481,1.275,0.0297,0.0233,1.186,1.308,0.196,1.0,625.0,8.39,4,918.0,1.35,858.0,10.0,205.0,4.76,562,679,25.3,47.27,324,74.14,326
1.165,1.077,1.281,0.0108,0.0114,2.809,0.838,0.277,0.769,3341.0,9.46,0,802.0,3.29,816.0,53.0,301.0,2.34,888,955,11.93,27.32,663,51.31,437
0.941,0.851,1.397,0.0109,0.0289,2.002,1.381,0.252,0.398,2419.0,2.16,5,914.0,0.87,889.0,23.0,680.0,3.48,747,831,12.58,29.33,583,87.89,395
1.13,0.533,0.516,0.0063,0.0304,1.794,0.594,0.097,0.828,2967.0,3.23,3,934.0,3.23,851.0,15.0,507.0,2.59,791,847,12.88,30.62,629,44.22,406
1.079,1.239,1.846,0.0308,0.0299,1.027,0.756,0.429,0.171,1286.0,9.09,1,865.0,3.69,773.0,18.0,331.0,3.34,919,995,13.05,31.23,618,63.24,545
0.738,1.059,0.954,0.0282,0.0323,3.261,1.843,0.338,0.03,1832.0,5.67,3,880.0,1.84,893.0,28.0,233.0,2.52,684,810,20.09,27.97,503,82.27,427
1.11,0.328,0.89,0.0216,0.0103,1.39,0.652,0.419,0.204,3487.0,6.52,3,872.0,2.71,796.0,19.0,214.0,1.35,911,1049,13.53,27.64,594,40.99,505
0.152,1.375,1.134,0.0345,0.0269,0.305,0.993,0.429,0.34,4844.0,7.3,2,858.0,2.01,807.0,23.0,322.0,2.79,538,610,30.39,51.41,241,101.72,329
0.275,1.252,0.285,0.0332,0.0172,2.16,1.791,0.374,0.511,727.0,7.43,5,933.0,2.03,816.0,12.0,641.0,2.88,609,705,26.02,49.79,313,111.69,348
0.102,1.43,0.499,0.0255,0.0298,0.398,1.445,0.22,0.615,4507.0,9.45,2,934.0,1.59,767.0,21.0,408.0,4.15,531,628,27.35,49.81,235,106.38,363
0.424,1.116,1.528,0.0354,0.026,1.208,0.218,0.305,0.911,3096.0,9.98,3,850.0,3.17,830.0,36.0,560.0,3.81,651,788,23.76,40.35,341,86.69,383
0.497,0.959,0.349,0.0122,0.0276,1.776,0.38,0.08,0.51,3038.0,7.76,1,892.0,3.78,777.0,29.0,659.0,3.49,516,642,23.99,42.17,382,98.28,274
0.362,0.686,1.286,0.0089,0.0237,3.06,0.115,0.337,0.501,2751.0,4.3,3,939.0,3.79,816.0,24.0,404.0,1.01,562,663,21.02,46.8,301,118.5,325
1.003,1.406,0.642,0.0144,0.0079,1.727,1.299,0.09,0.05,812.0,9.04,5,944.0,1.11,809.0,46.0,296.0,3.74,832,949,13.52,30.52,594,68.58,464
0.46,1.312,0.901,0.007,0.02,2.458,0.951,0.347,0.035,904.0,2.39,2,876.0,3.56,868.0,54.0,459.0,2.75,595,729,21.71,41.94,364,90.74,324
0.373,0.163,0.72,0.0236,0.0345,3.475,0.355,0.115,0.551,3204.0,3.85,1,868.0,3.08,872.0,47.0,654.0,4.52,576,626,25.23,41.29,311,122.71,330
0.674,0.137,0.84,0.0378,0.0329,0.46,1.92,0.059,0.438,2034.0,9.18,3,842.0,1.38,781.0,23.0,602.0,4.64,633,723,20.94,29.84,482,58.95,404
0.212,0.627,1.494,0.0064,0.0034,0.962,1.106,0.083,0.839,4628.0,4.05,4,944.0,0.74,811.0,46.0,233.0,0.75,561,701,27.02,44.89,301,95.33,316
0.973,1.235,0.735,0.0093,0.0074,1.381,0.56,0.001,0.161,2330.0,3.77,5,821.0,1.44,812.0,13.0,546.0,4.19,804,928,10.45,27.15,562,53.65,493
0.136,1.482,1.22,0.0208,0.0063,1.476,1.051,0.359,0.025,1145.0,3.11,5,887.0,3.69,781.0,12.0,486.0,0.67,469,573,24.66,43.91,244,96.62,268
1.185,0.311,1.057,0.0377,0.026,1.439,1.391,0.366,0.449,3716.0,8.87,4,842.0,2.72,872.0,24.0,654.0,2.15,894,996,11.75,33.47,696,25.93,497
0.938,0.932,1.395,0.0161,0.029,3.177,0.245,0.257,0.237,1820.0,6.0,3,842.0,3.02,859.0,49.0,261.0,2.94,772,856,14.93,36.0,544,87.73,424
0.279,0.633,1.886,0.0228,0.009,2.499,0.622,0.081,0.05,2865.0,7.4,5,861.0,1.4,787.0,19.0,467.0,1.17,585,687,25.83,35.95,252,101.23,342
0.056,1.458,1.519,0.0065,0.0187,2.128,1.633,0.042,0.725,3640.0,3.91,1,950.0,3.02,811.0,8.0,640.0,3.86,542,657,28.22,43.46,243,115.22,342
0.988,1.279,0.587,0.0102,0.0297,1.083,0.973,0.01,0.112,4551.0,8.06,3,808.0,0.6,775.0,12.0,405.0,0.54,732,823,18.24,28.42,567,44.24,380
0.863,1.274,0.256,0.0395,0.0262,2.883,1.138,0.083,0.608,4065.0,8.08,3,887.0,1.81,848.0,52.0,441.0,1.26,697,818,12.47,29.54,571,74.48,447
0.888,0.756,0.672,0.0388,0.0199,3.343,0.922,0.445,0.281,3544.0,4.5,2,812.0,2.69,777.0,40.0,235.0,3.11,779,915,17.29,33.83,545,75.09,472
0.937,0.681,1.271,0.0052,0.0215,2.874,0.183,0.121,0.173,3558.0,5.29,5,823.0,1.01,898.0,19.0,339.0,3.71,731,796,17.6,25.04,525,85.31,423
0.135,0.483,0.293,0.0383,0.0188,0.005,0.415,0.177,0.38,4757.0,3.68,5,866.0,3.38,869.0,36.0,362.0,4.62,565,660,29.38,52.09,234,86.04,306
0.462,0.179,1.093,0.0274,0.0118,2.227,0.947,0.053,0.801,1831.0,9.81,4,877.0,1.32,815.0,34.0,673.0,3.67,652,742,24.64,40.54,384,111.7,337
0.183,1.311,1.274,0.0354,0.0206,0.179,0.497,0.111,0.392,505.0,7.16,2,839.0,2.78,841.0,41.0,341.0,3.52,512,630,29.12,44.64,222,102.2,350
1.043,1.238,0.802,0.0209,0.0247,0.902,0.195,0.26,0.751,1724.0,9.48,2,847.0,1.92,888.0,18.0,430.0,2.27,822,896,13.15,29.07,604,41.7,413
0.767,1.5,1.588,0.023,0.0308,0.208,1.703,0.304,0.125,1481.0,4.43,5,813.0,2.59,838.0,53.0,536.0,0.51,794,908,16.29,32.57,504,59.26,458
0.431,1.495,0.392,0.0221,0.023,2.113,1.964,0.123,0.773,3478.0,8.26,3,845.0,0.88,784.0,22.0,281.0,1.04,540,677,19.47,31.23,421,100.46,369
0.123,0.878,0.335,0.0283,0.0271,2.403,1.607,0.029,0.237,3352.0,8.13,2,945.0,0.56,813.0,43.0,443.0,2.91,454,545,27.43,47.6,251,125.07,268
0.408,1.177,1.511,0.0099,0.0073,0.401,1.722,0.196,0.677,3171.0,7.53,4,942.0,3.68,878.0,6.0,569.0,3.54,657,798,22.32,40.24,403,88.93,434
0.424,1.423,1.092,0.006,0.0172,1.343,0.56,0.117,0.566,573.0,9.73,2,850.0,1.44,850.0,25.0,633.0,2.38,530,679,25.96,36.75,356,89.86,331
0.889,1.29,1.439,0.0158,0.0023,1.597,1.925,0.11,0.929,3780.0,5.15,4,886.0,3.37,851.0,24.0,513.0,3.79,919,979,16.09,37.71,601,53.09,451
0.783,0.446,0.983,0.0297,0.0101,1.292,0.474,0.48,0.387,1956.0,3.05,2,936.0,4.0,881.0,35.0,535.0,2.85,747,820,16.19,37.69,479,72.35,421
1.07,0.731,0.644,0.0121,0.026,0.424,1.908,0.308,0.066,3493.0,7.37,4,801.0,1.24,885.0,9.0,263.0,0.83,811,956,11.57,40.79,642,37.67,483
0.593,0.281,1.674,0.0286,0.0347,1.466,1.99,0.278,0.019,3005.0,7.83,2,922.0,1.43,889.0,48.0,673.0,1.36,704,849,25.08,42.31,421,51.19,505
0.188,1.436,1.639,0.0389,0.0053,2.629,1.452,0.208,0.827,2042.0,6.6,2,942.0,2.82,773.0,17.0,266.0,4.28,568,627,27.14,43.02,287,118.91,285
0.87,0.949,1.45,0.0083,0.0152,0.249,1.964,0.214,0.525,1106.0,3.65,1,814.0,3.88,836.0,42.0,587.0,3.76,704,755,15.39,28.07,547,42.95,369
0.925,0.42,0.69,0.0285,0.0284,0.281,1.182,0.27,0.775,925.0,6.04,4,824.0,3.71,864.0,49.0,332.0,4.53,676,742,16.37,29.03,557,42.73,349
0.695,1.04,1.262,0.0205,0.0087,1.242,0.593,0.348,0.234,4242.0,4.5,4,944.0,2.26,866.0,36.0,667.0,1.03,789,938,23.37,32.77,438,70.78,464
0.937,0.965,0.85,0.0354,0.0203,3.296,0.93,0.351,0.345,4633.0,5.42,4,881.0,3.28,845.0,46.0,560.0,4.96,837,904,15.17,31.8,571,61.2,446
0.618,0.601,0.365,0.0112,0.0262,2.34,1.228,0.086,0.03,3424.0,7.16,0,802.0,0.98,783.0,41.0,577.0,1.44,612,712,22.1,29.95,432,87.71,329
0.651,0.259,1.851,0.0292,0.0223,2.375,0.239,0.25,0.961,965.0,7.96,2,839.0,3.92,872.0,25.0,310.0,0.55,759,893,22.61,40.22,442,81.52,460
0.542,1.04,0.446,0.0343,0.0082,1.267,1.282,0.206,0.668,2309.0,3.86,4,867.0,3.88,861.0,49.0,422.0,4.99,662,714,18.09,39.62,419,71.38,350
0.079,0.828,1.91,0.0381,0.0137,2.078,1.964,0.435,0.933,3780.0,5.24,5,904.0,1.07,772.0,21.0,509.0,1.76,627,737,27.54,51.08,280,116.5,408
0.174,1.181,1.003,0.0289,0.0279,0.035,0.461,0.316,0.265,4009.0,4.15,0,910.0,1.55,825.0,36.0,585.0,3.51,450,527,29.51,40.8,240,73.01,244
0.086,0.828,0.533,0.0224,0.0203,2.226,1.606,0.266,0.611,1032.0,3.59,1,949.0,0.85,784.0,46.0,252.0,1.3,422,558,27.31,49.51,251,117.86,334
0.782,1.293,1.175,0.0266,0.0022,3.197,1.825,0.058,0.678,500.0,8.27,4,843.0,1.45,807.0,26.0,681.0,3.11,820,898,19.1,40.86,525,89.76,457
0.412,0.873,1.771,0.0354,0.0271,2.144,1.893,0.303,0.318,3705.0,9.27,4,881.0,3.36,763.0,22.0,645.0,4.57,576,694,22.3,37.46,396,99.77,385
0.635,0.885,1.518,0.025,0.0032,3.058,1.924,0.059,0.848,2105.0,4.96,0,880.0,1.82,816.0,30.0,335.0,1.94,733,850,19.58,32.86,501,100.37,428
1.094,1.327,1.652,0.0061,0.0266,2.534,1.091,0.169,0.947,1645.0,8.01,2,861.0,0.81,837.0,50.0,611.0,3.52,844,916,12.46,31.68,643,71.35,434
0.337,0.665,1.386,0.0376,0.0087,0.422,1.957,0.071,0.885,558.0,9.18,5,825.0,1.7,847.0,56.0,459.0,1.35,623,676,26.22,38.41,356,83.19,330
0.522,0.288,1.446,0.0291,0.0336,3.159,1.539,0.346,0.739,2931.0,8.77,1,947.0,3.93,853.0,35.0,431.0,3.31,705,795,22.57,38.39,399,111.22,355
0.919,0.14,1.729,0.0287,0.0141,0.233,0.407,0.103,0.277,4330.0,3.46,4,928.0,2.7,877.0,41.0,357.0,2.01,746,824,16.41,39.0,523,46.34,408
0.313,1.157,0.649,0.0125,0.0128,1.869,1.006,0.196,0.282,4809.0,9.65,2,875.0,1.96,790.0,55.0,490.0,1.45,581,711,30.32,39.37,279,92.92,360
0.139,0.968,1.081,0.0281,0.0069,0.497,1.465,0.448,0.963,3046.0,5.01,5,890.0,1.08,777.0,10.0,565.0,1.91,566,696,31.39,54.94,259,92.7,349
0.383,1.086,0.598,0.0188,0.0121,0.041,0.57,0.102,0.01,2815.0,4.71,5,834.0,3.95,879.0,18.0,405.0,1.3,667,762,20.29,40.66,325,80.1,420
0.235,0.398,1.978,0.0278,0.0309,1.477,1.317,0.254,0.716,883.0,2.5,1,882.0,3.37,782.0,44.0,515.0,4.56,553,663,25.59,39.69,300,111.52,327
1.119,0.291,1.899,0.0087,0.0349,1.033,1.367,0.21,0.706,2970.0,5.89,3,904.0,1.49,896.0,50.0,550.0,2.29,887,997,18.07,30.64,691,43.2,441
0.979,0.12,0.271,0.028,0.0142,1.701,0.409,0.009,0.623,2210.0,2.87,5,877.0,0.75,878.0,52.0,556.0,1.6,753,885,14.17,30.96,563,51.53,548
0.778,0.591,1.47,0.04,0.0168,2.02,1.174,0.396,0.99,3232.0,3.99,3,949.0,0.7,830.0,28.0,226.0,2.52,749,841,22.51,34.51,514,87.96,399
1.052,0.926,1.865,0.0067,0.0258,0.153,1.566,0.035,0.312,2249.0,4.54,5,892.0,0.92,897.0,10.0,630.0,1.94,795,872,13.37,25.12,641,24.06,465
0.974,0.649,0.525,0.0392,0.0312,0.431,1.048,0.237,0.34,1581.0,8.47,1,856.0,2.53,774.0,29.0,429.0,3.85,819,895,14.92,31.02,550,39.2,402
0.265,0.712,1.222,0.0192,0.0216,1.955,0.123,0.28,0.079,927.0,9.0,0,916.0,3.75,802.0,18.0,331.0,4.87,562,665,27.75,34.36,239,112.58,339
1.076,1.366,1.848,0.0355,0.0149,1.201,0.117,0.314,0.443,1917.0,4.42,1,826.0,2.24,849.0,21.0,321.0,2.47,764,858,13.68,29.57,604,65.11,405
0.67,0.588,0.261,0.0324,0.0156,2.552,0.778,0.344,0.261,935.0,8.87,1,858.0,3.45,809.0,47.0,442.0,4.37,664,758,20.94,43.09,444,90.13,294
0.979,0.82,1.455,0.0248,0.025,2.283,1.86,0.127,0.343,1296.0,8.86,0,852.0,2.06,890.0,9.0,643.0,3.05,914,973,18.46,21.59,603,66.59,478
1.081,1.197,0.735,0.0308,0.0021,2.96,0.534,0.005,0.835,4943.0,8.12,0,865.0,2.98,769.0,51.0,389.0,1.21,791,912,15.3,26.35,605,61.83,454
0.416,0.655,1.864,0.0357,0.0224,2.424,1.305,0.362,0.935,2498.0,3.17,2,917.0,3.06,837.0,29.0,575.0,3.61,675,746,24.04,37.31,382,104.76,366
0.177,0.971,1.948,0.0191,0.0137,1.505,0.522,0.268,0.186,2893.0,7.52,5,873.0,1.11,843.0,38.0,248.0,2.81,648,717,30.69,38.9,228,105.72,365
0.312,1.307,1.9,0.0164,0.0282,2.355,0.711,0.418,0.373,4431.0,9.56,2,919.0,1.76,851.0,10.0,438.0,3.43,568,659,27.07,33.5,306,97.28,321
0.541,1.429,1.054,0.0284,0.0051,0.964,1.711,0.411,0.929,4980.0,7.46,0,886.0,2.73,796.0,24.0,696.0,4.5,771,843,20.42,33.28,423,74.09,423
0.991,0.306,1.752,0.0333,0.0214,1.072,1.485,0.422,0.062,3122.0,4.65,3,851.0,0.75,811.0,10.0,585.0,2.48,879,987,19.1,28.97,589,42.59,498
1.04,1.397,1.72,0.0317,0.0179,2.761,0.281,0.243,0.092,4156.0,6.0,3,921.0,1.77,878.0,58.0,305.0,4.56,762,849,15.68,34.95,607,65.35,423
0.058,0.789,0.774,0.0329,0.0232,1.562,0.915,0.167,0.163,1971.0,7.17,1,836.0,2.37,787.0,49.0,451.0,3.88,453,547,28.7,41.23,198,113.76,268
0.637,0.462,1.692,0.0202,0.0041,2.794,0.155,0.396,0.595,1876.0,6.08,4,834.0,3.99,876.0,30.0,317.0,2.7,666,769,16.4,38.73,422,106.06,357
0.53,0.743,0.267,0.0336,0.0211,2.878,1.014,0.226,0.15,2312.0,2.96,1,876.0,2.16,839.0,17.0,405.0,3.21,514,584,19.29,40.5,393,91.01,309
0.305,1.472,1.273,0.0092,0.0205,3.001,1.359,0.092,0.968,3526.0,4.5,1,839.0,3.36,867.0,56.0,590.0,1.97,628,693,28.83,52.26,339,109.9,338
0.188,0.79,0.614,0.0241,0.0205,3.208,0.325,0.427,0.447,3570.0,8.42,4,801.0,2.01,860.0,24.0,586.0,4.93,461,599,30.66,49.1,253,133.39,288
0.438,0.56,0.417,0.0052,0.0219,1.508,0.649,0.441,0.502,1919.0,8.89,5,897.0,3.29,789.0,14.0,314.0,3.5,596,689,23.6,44.38,361,106.85,359
1.134,0.987,0.339,0.0164,0.0243,1.116,0.856,0.233,0.247,1099.0,3.1,0,877.0,2.58,840.0,36.0,661.0,0.7,723,814,9.45,30.82,639,47.87,413
0.422,0.436,1.453,0.0178,0.0286,2.038,1.847,0.038,0.471,3346.0,9.62,3,867.0,3.6,881.0,57.0,496.0,1.97,710,763,21.5,36.94,383,92.52,360
0.647,0.206,0.812,0.0189,0.0109,1.299,1.987,0.194,0.662,1077.0,4.63,1,945.0,1.94,820.0,5.0,390.0,3.3,744,843,17.05,34.2,486,69.44,459
0.858,0.28,1.505,0.0293,0.0292,2.104,0.185,0.402,0.751,3103.0,7.3,4,886.0,2.62,895.0,18.0,451.0,0.75,717,822,13.81,38.42,514,51.13,375
0.468,0.279,0.318,0.0186,0.0184,2.47,1.546,0.451,0.754,3620.0,8.01,2,930.0,2.71,823.0,57.0,503.0,0.61,635,740,27.03,30.39,375,87.34,339
1.168,0.313,0.768,0.0207,0.0045,2.409,0.806,0.102,0.578,3653.0,8.5,1,821.0,1.96,780.0,14.0,480.0,2.53,828,948,16.6,23.23,695,55.03,494
1.157,0.294,1.171,0.0133,0.0039,1.311,0.846,0.033,0.904,3891.0,9.57,3,885.0,1.01,815.0,11.0,443.0,2.0,923,990,10.4,20.21,671,41.88,547
0.34,0.997,1.623,0.0181,0.013,0.584,1.533,0.439,0.817,4428.0,4.5,0,930.0,0.83,893.0,36.0,452.0,2.47,593,668,24.88,44.37,337,91.67,316
0.622,0.355,0.774,0.013,0.0279,1.507,1.845,0.195,0.757,2750.0,8.87,1,887.0,0.56,805.0,52.0,288.0,1.68,688,819,18.1,35.45,476,75.8,421
0.396,0.584,1.327,0.0076,0.0254,0.499,1.907,0.271,0.056,3786.0,3.05,1,908.0,3.56,882.0,31.0,606.0,1.24,611,755,24.03,45.21,346,73.97,341
0.378,1.356,1.795,0.0261,0.028,3.115,1.197,0.484,0.007,3286.0,7.64,5,856.0,1.33,883.0,60.0,471.0,3.6,641,704,27.61,41.9,329,111.88,324
0.092,0.764,1.309,0.0284,0.0191,1.211,0.779,0.033,0.212,1340.0,7.94,4,814.0,1.24,809.0,42.0,266.0,2.82,547,646,30.78,40.43,193,131.64,356
0.751,1.035,0.619,0.0267,0.0165,0.541,1.596,0.324,0.664,616.0,7.42,2,869.0,3.08,772.0,9.0,583.0,1.4,684,755,20.35,27.48,514,57.18,388
0.628,0.341,0.244,0.0212,0.0069,0.089,0.577,0.037,0.411,1780.0,4.02,2,859.0,1.62,861.0,60.0,666.0,1.94,607,663,20.19,37.41,405,64.6,366
0.109,0.369,1.766,0.0183,0.0128,2.26,1.172,0.188,0.402,2494.0,8.98,0,930.0,2.27,804.0,27.0,674.0,3.16,612,694,30.89,43.96,244,124.53,379
0.37,0.157,0.238,0.0352,0.0163,2.229,0.781,0.402,0.885,3277.0,3.35,3,837.0,1.07,870.0,21.0,385.0,0.83,631,695,25.74,39.94,353,94.37,284
1.095,0.337,1.774,0.0232,0.0049,1.192,1.348,0.217,0.896,4325.0,2.43,0,945.0,3.86,822.0,36.0,268.0,1.16,900,1020,14.38,32.79,638,58.95,474
0.325,0.49,1.152,0.0218,0.0093,0.251,0.557,0.499,0.909,1383.0,7.74,1,944.0,3.48,828.0,22.0,459.0,0.83,583,686,24.89,47.3,321,67.22,351
0.217,0.348,1.89,0.0059,0.0217,1.434,0.464,0.28,0.314,1065.0,5.8,1,837.0,3.52,869.0,10.0,256.0,4.16,568,632,27.38,54.65,245,97.24,265
0.613,0.224,1.638,0.0169,0.0263,1.089,1.845,0.161,0.691,4836.0,8.79,2,852.0,1.92,814.0,5.0,667.0,3.89,762,812,21.38,36.16,475,71.0,374
1.183,0.269,1.996,0.0183,0.0349,2.37,0.293,0.11,0.272,986.0,5.07,3,934.0,3.17,822.0,30.0,292.0,3.89,880,1010,11.17,23.13,628,54.23,547
0.328,0.745,0.831,0.019,0.0328,2.12,1.061,0.175,0.191,2653.0,3.35,4,945.0,1.0,813.0,51.0,326.0,3.72,493,560,23.53,45.53,329,81.81,263
0.823,0.389,1.581,0.0253,0.0232,1.276,0.52,0.186,0.185,3135.0,8.69,3,867.0,0.53,811.0,36.0,403.0,3.51,773,883,15.66,30.74,472,76.91,462
0.926,0.61,0.923,0.0237,0.0159,0.763,0.174,0.034,0.342,2936.0,6.39,1,848.0,0.57,834.0,60.0,392.0,2.65,692,775,14.24,28.84,519,56.21,386
0.323,0.805,1.064,0.0263,0.023,3.458,0.168,0.185,0.43,887.0,3.51,4,879.0,2.55,873.0,21.0,597.0,3.39,492,600,24.78,42.53,278,126.43,279
0.887,1.067,1.33,0.0318,0.0279,1.589,0.433,0.232,0.831,757.0,7.76,3,903.0,2.09,811.0,20.0,428.0,0.67,678,759,15.99,40.52,541,78.8,329
0.473,0.155,1.773,0.0335,0.0059,2.409,1.747,0.361,0.12,975.0,6.09,3,841.0,2.31,833.0,14.0,285.0,3.3,674,732,21.66,44.06,402,88.3,372
0.777,1.219,1.971,0.0301,0.0155,0.492,0.637,0.328,0.735,3135.0,6.83,4,910.0,0.53,854.0,14.0,334.0,4.0,714,786,16.96,38.5,502,33.36,436
0.779,0.979,1.583,0.0384,0.0297,1.7,1.906,0.354,0.531,2950.0,5.69,1,808.0,1.98,798.0,21.0,455.0,2.75,664,732,18.9,42.46,524,81.72,346
0.666,0.214,0.952,0.0056,0.0147,0.096,1.205,0.004,0.288,1552.0,8.63,3,807.0,3.01,799.0,49.0,274.0,2.11,671,763,22.77,41.19,417,58.14,383
0.154,1.323,0.958,0.0119,0.0209,1.769,0.93,0.109,0.493,3370.0,8.64,4,858.0,2.05,891.0,55.0,506.0,1.75,507,622,27.67,41.26,252,97.12,265
1.011,1.389,1.528,0.0053,0.0214,3.374,1.202,0.331,0.3,4190.0,7.68,5,853.0,3.06,861.0,59.0,483.0,3.39,814,890,14.68,34.22,609,78.84,424
0.419,0.186,0.63,0.0277,0.0081,1.345,1.082,0.242,0.596,687.0,2.84,5,847.0,1.32,841.0,18.0,557.0,3.62,570,621,21.85,46.69,405,112.95,320
0.264,0.488,0.399,0.0364,0.014,0.136,1.542,0.003,0.434,2742.0,8.71,1,874.0,3.35,851.0,53.0,669.0,4.42,645,746,25.59,47.98,306,84.43,395
0.097,1.229,0.838,0.0135,0.013,0.108,0.637,0.402,0.164,3602.0,7.37,4,848.0,2.56,764.0,23.0,656.0,2.04,519,629,30.93,47.08,202,104.77,331
0.73,1.148,0.717,0.0374,0.0029,1.358,0.771,0.386,0.117,1635.0,7.58,5,829.0,1.24,847.0,11.0,673.0,3.96,655,801,21.12,38.13,472,59.9,339
0.829,0.358,0.733,0.0071,0.0028,0.56,1.799,0.274,0.547,1885.0,4.9,4,846.0,1.33,831.0,53.0,322.0,3.03,747,855,19.5,33.32,545,38.99,413
0.069,0.393,0.62,0.0377,0.0294,0.082,1.898,0.033,0.902,3261.0,9.03,3,946.0,2.7,836.0,40.0,266.0,4.47,597,694,30.84,43.73,276,105.82,317
0.639,0.619,0.276,0.0173,0.011,2.647,1.796,0.383,0.344,4541.0,7.8,1,862.0,3.4,810.0,14.0,351.0,2.88,714,821,21.29,33.57,455,93.59,401
0.31,0.778,0.232,0.0085,0.0191,1.605,0.897,0.292,0.733,4145.0,2.9,5,867.0,1.95,771.0,29.0,648.0,2.83,476,618,26.15,47.32,315,92.79,305
0.792,0.966,1.978,0.022,0.0119,1.012,1.583,0.391,0.659,3124.0,5.26,3,886.0,1.4,787.0,21.0,686.0,3.1,748,880,18.61,29.63,543,79.66,471
0.251,0.616,0.97,0.014,0.033,3.15,1.005,0.376,0.932,3786.0,9.09,0,948.0,3.53,893.0,46.0,630.0,3.87,533,615,25.4,40.92,308,98.8,316
0.845,0.748,0.892,0.015,0.0106,0.406,1.045,0.402,0.821,2142.0,2.38,0,836.0,2.84,817.0,30.0,255.0,4.84,723,796,17.49,36.87,557,41.06,440
0.495,1.146,1.423,0.0158,0.0162,3.346,0.489,0.259,0.567,3384.0,9.69,1,902.0,2.07,825.0,59.0,674.0,0.83,615,691,23.01,40.77,370,98.33,324
1.127,0.151,0.593,0.0331,0.0308,1.099,1.223,0.07,0.657,2598.0,7.43,5,907.0,2.21,767.0,8.0,412.0,0.74,819,919,14.36,30.35,672,39.81,416
0.208,0.453,1.91,0.0239,0.0298,3.109,0.454,0.336,0.898,1355.0,7.05,5,891.0,1.21,765.0,25.0,205.0,4.72,626,750,27.08,39.69,244,133.26,418
0.442,1.099,1.615,0.0159,0.0081,2.11,0.73,0.31,0.4,3658.0,4.16,5,813.0,2.69,860.0,32.0,421.0,2.88,688,788,27.58,43.91,334,95.07,407
0.18,1.353,0.361,0.0264,0.0285,2.893,1.725,0.371,0.327,3004.0,3.99,4,902.0,1.76,835.0,33.0,223.0,3.27,514,570,24.88,43.1,301,116.2,262
1.113,0.816,0.952,0.0301,0.0171,3.444,0.493,0.085,0.011,2114.0,9.54,3,810.0,3.98,831.0,22.0,472.0,2.67,714,836,14.81,22.66,610,54.96,431
1.059,0.845,1.782,0.0145,0.0179,1.009,0.235,0.097,0.827,4601.0,4.39,5,889.0,2.18,794.0,45.0,369.0,0.92,778,908,14.03,26.29,615,57.42,479
0.347,0.25,1.901,0.0195,0.0064,3.364,0.231,0.445,0.801,594.0,8.2,3,911.0,2.2,864.0,53.0,437.0,3.96,596,674,24.8,49.87,317,101.45,340
0.809,0.726,1.041,0.0093,0.0047,1.363,1.887,0.375,0.104,1921.0,5.14,1,832.0,2.48,784.0,57.0,507.0,3.86,691,807,16.24,32.0,532,52.34,381
0.99,0.846,1.304,0.0113,0.026,1.349,1.063,0.454,0.577,756.0,3.11,5,926.0,3.71,787.0,49.0,634.0,1.9,862,954,17.19,41.21,572,50.09,463
0.688,0.439,0.501,0.0288,0.0184,1.191,0.878,0.379,0.464,3949.0,2.09,1,805.0,3.3,824.0,52.0,531.0,1.88,608,746,20.99,25.93,462,72.26,381
0.659,0.477,1.984,0.0114,0.0164,1.895,1.641,0.299,0.119,3659.0,6.35,5,927.0,2.08,800.0,35.0,417.0,4.27,779,913,21.78,29.09,486,72.21,462
0.328,0.628,0.617,0.0234,0.0261,0.54,1.688,0.327,0.981,1991.0,9.81,0,869.0,3.02,795.0,50.0,610.0,0.83,515,617,25.42,50.06,357,92.79,344
0.157,0.128,1.897,0.0298,0.0273,1.938,0.731,0.445,0.215,3540.0,4.95,2,833.0,2.55,850.0,22.0,653.0,4.46,601,720,27.0,54.74,250,107.13,351
1.082,0.551,1.369,0.0087,0.0072,1.896,1.418,0.289,0.067,2282.0,4.86,1,820.0,2.22,851.0,27.0,260.0,1.65,829,967,13.64,24.04,636,64.57,454
1.085,0.396,1.294,0.0249,0.0221,2.667,1.565,0.316,0.595,3903.0,4.75,5,943.0,1.17,875.0,22.0,466.0,3.17,924,1023,14.59,28.64,630,66.62,588
0.778,0.558,1.123,0.014,0.0065,2.918,1.344,0.078,0.739,2544.0,6.16,2,811.0,2.12,818.0,31.0,342.0,4.71,688,769,14.32,38.0,532,100.41,389
0.44,0.268,0.615,0.0387,0.0268,1.542,0.388,0.237,0.032,2355.0,5.53,1,830.0,1.36,770.0,21.0,224.0,3.55,546,671,25.15,40.05,333,84.6,360
0.452,1.347,0.518,0.0219,0.0237,1.058,1.764,0.358,0.659,4706.0,9.04,4,852.0,3.7,798.0,58.0,534.0,2.36,609,681,28.07,41.71,396,91.9,356
0.885,0.931,0.597,0.0332,0.0336,0.908,1.124,0.135,0.532,1629.0,6.04,5,893.0,1.67,897.0,22.0,631.0,3.6,732,820,17.69,32.35,582,38.11,415
1.082,1.051,0.536,0.0243,0.0043,0.681,0.637,0.101,0.103,1042.0,6.06,4,882.0,3.83,843.0,10.0,281.0,2.05,755,891,13.21,20.95,613,70.81,438
1.07,1.205,1.603,0.0065,0.0039,0.202,0.908,0.157,0.173,3130.0,3.11,0,819.0,2.37,859.0,34.0,606.0,1.75,815,937,13.63,26.88,599,45.76,384
0.947,0.798,0.83,0.0272,0.0113,1.199,0.171,0.121,0.568,4862.0,9.86,5,843.0,2.71,761.0,8.0,627.0,4.99,724,814,17.21,31.12,549,52.21,375
0.788,0.222,0.304,0.0383,0.0106,0.946,0.343,0.107,0.296,2200.0,4.0,0,836.0,2.4,833.0,11.0,657.0,3.88,564,635,17.66,34.76,483,59.59,327
0.147,0.852,1.944,0.0261,0.0102,3.382,1.555,0.212,0.938,779.0,2.59,2,832.0,0.95,765.0,17.0,333.0,3.4,656,741,29.53,38.41,304,122.53,288
0.236,0.922,1.791,0.0337,0.0319,1.952,0.1,0.454,0.819,2027.0,7.31,1,862.0,1.82,840.0,31.0,652.0,2.1,722,800,26.11,49.05,268,123.76,402
1.083,1.144,1.87,0.0359,0.0102,1.215,0.891,0.254,0.984,2777.0,6.76,3,906.0,0.85,889.0,29.0,360.0,0.72,879,946,17.18,28.99,667,56.16,492
0.747,0.704,1.991,0.013,0.011,2.032,1.093,0.094,0.26,1229.0,5.32,0,833.0,2.68,896.0,49.0,476.0,0.64,704,828,22.17,29.78,468,71.07,438
0.061,0.279,0.513,0.0124,0.0271,0.487,0.204,0.038,0.97,3461.0,5.38,3,855.0,2.06,836.0,46.0,225.0,2.99,417,492,28.42,57.78,204,88.82,263
0.167,0.497,0.913,0.0264,0.0168,1.554,1.949,0.348,0.431,4990.0,8.28,3,859.0,3.22,824.0,28.0,222.0,3.93,593,688,27.33,44.93,274,117.48,372
0.813,0.608,1.565,0.0194,0.0276,2.192,0.53,0.191,0.348,2533.0,3.57,1,946.0,1.27,892.0,23.0,560.0,2.92,764,852,17.76,32.33,492,81.53,474
0.056,1.004,1.453,0.0344,0.0042,1.711,0.678,0.411,0.05,2096.0,8.56,2,943.0,1.08,854.0,22.0,422.0,4.28,496,644,29.14,52.09,186,120.81,354
0.235,0.899,0.477,0.0365,0.0181,1.406,0.677,0.33,0.053,2303.0,7.19,1,920.0,1.92,769.0,48.0,328.0,0.65,553,642,24.58,54.72,254,99.12,326
0.681,0.599,1.668,0.0174,0.0031,3.478,0.538,0.398,0.692,1018.0,5.35,5,836.0,3.74,825.0,8.0,295.0,2.15,614,671,17.61,39.79,481,90.92,331
0.846,1.481,0.604,0.0133,0.0041,3.081,0.103,0.136,0.458,4475.0,5.66,0,810.0,2.99,794.0,6.0,535.0,1.57,733,791,19.81,37.21,524,96.9,398
0.8,0.948,0.603,0.0323,0.0319,2.182,1.486,0.346,0.227,2367.0,4.05,3,848.0,1.97,826.0,49.0,200.0,2.51,731,840,20.18,28.99,526,91.6,411
0.308,0.432,1.167,0.0146,0.0066,1.993,1.937,0.132,0.614,2243.0,8.02,1,840.0,2.31,824.0,31.0,603.0,0.83,571,680,27.53,44.27,339,107.85,373
0.869,0.242,1.267,0.0338,0.0196,2.172,0.526,0.47,0.253,3469.0,6.1,1,876.0,0.79,842.0,12.0,240.0,4.79,673,764,16.83,29.96,509,79.28,399
0.323,0.314,1.244,0.0198,0.0156,0.705,1.36,0.318,0.578,2489.0,4.57,1,917.0,3.95,810.0,18.0,296.0,1.5,617,710,28.94,47.06,345,90.03,343
0.424,0.444,0.365,0.0284,0.0135,1.383,1.51,0.162,0.359,3417.0,6.77,0,929.0,2.83,783.0,56.0,393.0,4.65,668,723,23.6,45.5,378,74.69,401
0.908,0.325,1.779,0.0083,0.0317,0.138,1.712,0.135,0.824,777.0,9.97,2,927.0,1.5,831.0,52.0,442.0,2.42,817,918,18.11,40.01,582,37.1,450
0.797,0.361,0.678,0.0268,0.0027,1.664,0.903,0.095,0.821,4162.0,5.48,1,854.0,2.55,876.0,44.0,377.0,4.93,673,773,15.27,23.27,524,80.28,358
1.027,0.499,0.433,0.0208,0.0239,1.901,0.676,0.347,0.477,4732.0,9.37,0,903.0,0.88,853.0,32.0,360.0,2.99,769,833,14.14,26.31,606,70.13,416
0.806,0.343,1.8,0.0255,0.0338,0.797,0.718,0.109,0.351,3419.0,4.76,3,847.0,3.88,807.0,34.0,682.0,4.69,851,911,17.6,40.38,500,70.15,430
0.704,1.355,1.92,0.0109,0.0205,3.374,1.454,0.298,0.363,4796.0,2.44,5,809.0,1.11,891.0,59.0,521.0,0.52,779,841,19.31,28.91,472,94.96,448
0.158,0.212,1.752,0.0308,0.0329,3.183,1.652,0.132,0.806,1181.0,3.63,4,905.0,2.77,888.0,58.0,212.0,3.87,627,687,24.98,50.87,263,133.26,318
0.473,0.834,1.657,0.0352,0.0037,2.528,0.445,0.331,0.328,2648.0,5.35,0,801.0,1.36,789.0,17.0,415.0,4.56,705,815,24.31,46.21,364,96.32,404
0.355,0.675,1.379,0.0126,0.0158,1.867,0.805,0.407,0.209,3208.0,3.76,4,861.0,3.01,766.0,50.0,638.0,1.13,627,696,26.73,42.76,353,103.58,376
0.331,1.475,1.192,0.0084,0.0106,3.045,1.814,0.389,0.085,3118.0,2.0,1,849.0,3.22,864.0,16.0,351.0,0.93,575,650,23.55,36.27,322,108.54,303
1.169,0.257,0.357,0.0058,0.0261,0.457,1.633,0.38,0.467,2307.0,9.32,1,904.0,2.86,876.0,17.0,247.0,2.41,739,806,10.17,26.01,694,23.86,415
0.502,0.657,0.935,0.0275,0.0344,2.767,1.971,0.094,0.482,2021.0,8.75,0,915.0,2.65,896.0,42.0,579.0,4.7,620,765,20.93,47.25,411,106.2,353
1.076,1.457,0.871,0.0262,0.0105,0.437,1.533,0.044,0.841,1071.0,7.94,4,846.0,3.62,885.0,27.0,503.0,2.94,773,908,14.85,36.18,640,52.56,461
0.776,1.312,0.668,0.0241,0.0236,2.78,0.847,0.349,0.221,2263.0,3.34,1,922.0,0.78,844.0,56.0,485.0,2.87,728,801,17.17,35.52,505,105.98,417
0.964,1.244,1.502,0.0131,0.0085,0.965,1.222,0.184,0.381,1232.0,2.96,3,844.0,1.66,834.0,10.0,227.0,1.14,848,930,15.27,25.83,577,54.45,463
0.628,0.461,1.093,0.0187,0.0207,3.07,1.356,0.216,0.808,3805.0,2.54,2,867.0,1.37,764.0,33.0,270.0,0.5,708,778,18.43,46.13,465,82.54,390
0.713,0.339,0.346,0.0258,0.0173,3.304,0.249,0.016,0.824,1440.0,7.79,2,909.0,3.96,795.0,56.0,511.0,4.15,591,690,23.26,39.84,466,86.98,358
0.616,1.036,0.596,0.0224,0.0341,0.521,1.135,0.13,0.385,764.0,9.43,1,904.0,1.86,824.0,55.0,304.0,0.89,745,796,20.91,33.12,429,66.89,389
0.275,1.401,1.43,0.0396,0.0221,1.619,1.448,0.017,0.459,2986.0,5.44,4,948.0,3.06,848.0,14.0,452.0,3.35,585,702,28.17,46.21,328,101.17,377
0.881,0.879,0.337,0.0098,0.0135,3.433,0.418,0.44,0.303,3179.0,2.95,5,834.0,2.9,838.0,25.0,472.0,4.62,729,831,17.77,33.86,521,86.18,456
0.373,0.9,1.732,0.0293,0.0058,1.692,1.583,0.122,0.933,4424.0,6.1,1,899.0,1.24,864.0,39.0,342.0,1.44,667,806,24.32,39.36,349,98.17,375
0.078,0.492,1.091,0.0192,0.007,3.022,1.209,0.279,0.119,3096.0,4.79,5,891.0,1.34,799.0,14.0,674.0,3.49,527,593,28.64,50.18,207,133.31,349
0.792,1.177,1.065,0.02,0.0094,2.061,1.909,0.019,0.934,2055.0,5.0,5,937.0,1.48,839.0,58.0,621.0,0.85,795,925,16.67,39.69,500,75.06,453
0.254,0.362,1.266,0.0301,0.0103,1.314,0.181,0.333,0.684,4114.0,6.97,4,823.0,1.94,772.0,55.0,561.0,3.22,523,652,25.29,43.44,274,75.65,385
1.132,0.553,1.684,0.0292,0.0301,1.0,0.604,0.162,0.532,2931.0,7.75,5,913.0,1.32,818.0,14.0,239.0,1.24,917,979,11.0,33.4,653,44.35,480
1.147,0.696,0.826,0.0397,0.0205,0.711,1.243,0.449,0.033,857.0,2.88,3,885.0,0.57,865.0,12.0,253.0,3.81,744,833,10.56,18.28,631,39.16,437
1.102,0.811,1.42,0.0095,0.0193,2.666,0.663,0.444,0.476,3046.0,2.28,4,841.0,3.58,857.0,10.0,446.0,1.86,779,846,17.64,39.05,631,66.04,444
0.476,0.439,1.218,0.0086,0.0058,1.353,1.457,0.163,0.408,4586.0,9.95,1,871.0,3.88,899.0,55.0,280.0,2.59,720,795,23.42,40.77,400,81.36,385
0.068,0.261,0.681,0.0304,0.0304,1.789,1.542,0.45,0.161,2283.0,3.86,3,850.0,1.7,799.0,16.0,689.0,3.2,533,609,31.91,54.01,216,116.05,306
1.118,0.955,1.782,0.0252,0.0259,1.723,0.295,0.498,0.656,1833.0,2.43,0,887.0,1.68,830.0,28.0,279.0,1.27,973,1078,11.64,28.73,645,55.71,582
0.542,0.504,1.635,0.0146,0.0042,2.02,1.076,0.413,0.971,1146.0,3.52,2,933.0,0.52,806.0,30.0,444.0,3.84,699,790,19.37,35.04,419,86.08,385
1.162,0.914,1.385,0.0078,0.0254,3.03,1.067,0.422,0.562,1182.0,2.31,1,885.0,2.88,822.0,38.0,382.0,1.86,946,1090,10.61,26.58,691,67.34,532
1.158,0.316,1.731,0.008,0.0199,3.433,0.802,0.125,0.715,2447.0,5.13,1,895.0,3.39,880.0,9.0,520.0,3.48,779,841,11.79,17.29,630,65.55,385
1.031,0.774,1.761,0.0363,0.0047,1.427,1.873,0.288,0.068,3181.0,8.42,1,878.0,1.01,856.0,17.0,265.0,1.21,784,931,14.61,32.82,616,53.98,512
0.389,0.846,1.475,0.0117,0.0171,2.896,1.672,0.034,0.418,863.0,4.73,3,808.0,1.06,884.0,56.0,415.0,3.6,693,766,23.86,43.19,363,76.39,368
0.493,0.173,1.707,0.0163,0.018,2.676,1.425,0.047,0.116,4728.0,5.55,0,835.0,3.27,788.0,55.0,337.0,1.08,591,718,21.06,39.18,392,85.74,394
1.029,0.571,1.455,0.0129,0.0075,2.007,1.457,0.499,0.613,3898.0,7.4,4,874.0,2.66,882.0,48.0,644.0,2.41,827,910,14.74,33.18,631,46.92,436
0.414,0.288,1.424,0.0174,0.0332,3.346,0.977,0.163,0.938,3140.0,6.07,0,847.0,0.66,768.0,6.0,220.0,1.61,701,765,24.14,41.91,419,110.78,417
0.245,0.189,1.314,0.0074,0.03,0.702,1.85,0.374,0.662,4228.0,8.89,3,827.0,2.68,884.0,23.0,657.0,3.87,632,767,27.73,48.13,326,105.04,407
0.69,1.486,1.555,0.0232,0.0241,0.382,1.42,0.403,0.077,861.0,8.93,1,876.0,1.58,806.0,40.0,616.0,1.68,729,809,22.59,41.01,470,61.24,397
1.127,0.551,0.485,0.0074,0.0173,2.989,1.485,0.429,0.355,2646.0,2.08,2,848.0,1.79,804.0,20.0,349.0,4.47,791,906,12.37,24.71,637,70.75,430
0.85,1.234,1.786,0.033,0.0156,1.537,1.737,0.499,0.551,3335.0,8.22,1,839.0,3.19,832.0,55.0,595.0,4.51,817,923,19.68,28.82,527,70.85,441
0.706,0.456,1.769,0.0132,0.0235,2.964,0.621,0.121,0.403,4229.0,5.69,4,870.0,3.34,892.0,40.0,216.0,1.38,755,852,19.54,27.27,478,88.68,406
0.162,1.054,0.253,0.0239,0.02,3.126,1.633,0.02,0.834,4026.0,9.91,5,820.0,1.9,767.0,9.0,683.0,3.26,493,592,24.52,47.37,276,127.28,327
0.757,1.164,1.686,0.0358,0.0041,0.219,0.471,0.206,0.815,1747.0,5.87,2,939.0,3.82,809.0,55.0,463.0,0.89,760,883,22.21,37.12,526,59.23,446
1.189,0.934,0.432,0.0278,0.0189,3.092,0.756,0.065,0.612,4734.0,9.9,1,930.0,1.92,880.0,58.0,352.0,2.26,867,925,16.71,19.6,676,58.16,429
0.211,0.76,0.803,0.0237,0.0286,1.569,0.738,0.011,0.373,1060.0,8.04,2,906.0,3.2,815.0,9.0,381.0,3.71,521,637,28.07,52.88,270,106.94,310
0.646,0.677,1.538,0.0164,0.0172,1.787,1.959,0.18,0.255,4438.0,3.99,5,816.0,2.19,788.0,34.0,233.0,3.47,737,876,20.49,32.97,479,93.58,434
1.059,0.588,0.489,0.0167,0.0037,2.193,1.727,0.392,0.106,4869.0,6.31,0,916.0,3.64,819.0,22.0,695.0,3.31,820,875,13.57,18.3,634,63.12,373
0.902,1.401,1.672,0.0284,0.0279,3.242,1.432,0.283,0.355,1297.0,9.94,3,921.0,3.68,814.0,27.0,220.0,1.77,831,895,15.54,39.43,552,80.48,441
0.852,1.263,1.698,0.0398,0.0086,0.067,1.481,0.156,0.413,3749.0,8.86,1,915.0,0.81,888.0,15.0,527.0,2.2,837,958,19.64,23.09,519,40.78,500
0.858,1.451,1.113,0.0282,0.0105,1.669,1.168,0.327,0.676,681.0,2.78,4,817.0,3.78,867.0,37.0,421.0,0.96,710,803,17.1,37.66,536,79.37,397
0.463,0.274,0.211,0.0245,0.0074,2.407,1.899,0.116,0.658,2324.0,7.65,0,897.0,3.39,831.0,58.0,674.0,3.74,593,683,26.4,44.35,408,82.22,349
0.388,1.123,0.717,0.0306,0.0129,2.529,1.043,0.007,0.07,2823.0,4.76,1,925.0,3.27,898.0,33.0,323.0,2.77,560,623,24.25,43.84,328,84.95,326
0.981,1.414,1.31,0.0213,0.027,2.424,0.823,0.382,0.395,3113.0,2.06,0,887.0,1.2,825.0,10.0,466.0,3.69,747,847,14.46,27.77,557,69.09,413
0.982,0.354,1.966,0.0071,0.0191,0.471,0.41,0.312,0.182,4712.0,5.23,4,897.0,3.32,768.0,39.0,441.0,1.62,718,780,14.07,32.87,548,36.98,411
1.047,0.193,1.337,0.0247,0.0088,1.048,1.594,0.381,0.157,3525.0,3.88,1,869.0,3.48,797.0,24.0,551.0,1.96,669,766,12.81,34.3,636,58.55,426
1.1,1.138,0.668,0.0385,0.031,1.256,1.495,0.019,0.827,2666.0,8.55,5,879.0,1.51,821.0,52.0,234.0,2.0,884,1010,14.53,23.07,666,29.72,459
0.638,0.904,1.341,0.0111,0.031,2.816,0.83,0.419,0.042,4144.0,4.7,5,805.0,3.83,782.0,29.0,297.0,0.62,606,681,17.84,42.12,433,99.5,330
0.627,1.279,1.172,0.0292,0.0307,0.976,0.148,0.31,0.419,4777.0,8.62,4,896.0,0.67,893.0,16.0,307.0,2.03,737,835,18.96,42.11,424,80.35,487
0.968,0.296,1.604,0.012,0.0099,0.737,1.694,0.282,0.168,599.0,2.0,2,812.0,1.02,867.0,16.0,569.0,4.11,861,1010,18.13,32.11,575,50.47,510
0.797,1.213,0.393,0.0238,0.0169,3.351,0.122,0.312,0.879,4921.0,4.46,4,865.0,2.38,798.0,47.0,295.0,4.54,659,777,16.14,31.37,482,64.69,387
0.857,0.382,1.57,0.0084,0.0345,0.031,1.437,0.432,0.557,888.0,3.93,2,844.0,2.52,843.0,20.0,487.0,2.83,820,954,18.87,37.54,554,31.66,469
0.965,0.329,1.174,0.0208,0.0275,3.492,1.943,0.293,0.231,4165.0,3.87,1,882.0,2.76,861.0,47.0,308.0,2.55,832,923,11.4,33.24,584,79.42,499
1.074,0.33,1.933,0.0315,0.0029,2.369,0.932,0.29,0.502,1762.0,2.55,2,820.0,0.56,892.0,16.0,631.0,0.64,801,927,16.79,23.44,621,56.92,435
0.439,1.24,0.815,0.0172,0.0042,2.9,0.546,0.495,0.731,1095.0,3.5,1,904.0,3.86,883.0,23.0,671.0,4.46,602,656,20.87,39.38,341,109.93,355
0.482,1.031,1.339,0.0283,0.0173,1.031,1.439,0.378,0.958,2479.0,6.44,1,919.0,0.66,832.0,31.0,459.0,0.56,624,686,21.02,44.46,385,80.71,334
0.158,0.832,1.878,0.0328,0.032,0.05,1.653,0.221,0.22,3398.0,4.33,3,825.0,1.0,868.0,57.0,376.0,4.75,627,697,28.99,47.41,279,89.47,326
0.715,0.602,0.385,0.0375,0.0198,2.583,1.138,0.354,0.886,2214.0,5.34,1,816.0,0.55,839.0,56.0,317.0,2.7,649,739,19.82,41.13,507,58.67,362
0.091,1.328,1.887,0.0132,0.0184,2.92,1.937,0.195,0.934,746.0,5.01,2,822.0,2.48,837.0,16.0,225.0,2.04,593,727,30.42,46.47,258,131.96,362
0.585,0.649,1.438,0.019,0.0055,2.592,0.198,0.114,0.916,3198.0,9.01,3,932.0,3.76,776.0,25.0,334.0,4.66,664,748,18.67,33.3,390,84.33,359
0.674,1.243,0.322,0.0103,0.0237,0.5,1.059,0.298,0.635,4561.0,9.24,3,879.0,2.83,778.0,13.0,527.0,0.61,668,783,19.32,47.49,434,60.58,424
0.38,0.715,0.742,0.0397,0.0291,2.637,1.465,0.464,0.63,2224.0,5.94,1,870.0,3.38,834.0,33.0,467.0,3.12,690,810,23.07,34.0,389,92.87,382
0.729,0.628,1.475,0.0374,0.0146,2.691,1.739,0.465,0.403,1473.0,4.64,4,816.0,0.55,798.0,30.0,672.0,2.97,740,848,16.84,32.92,505,67.77,428
0.085,0.748,0.321,0.0239,0.0276,2.305,0.441,0.171,0.752,2492.0,2.85,4,897.0,2.4,763.0,55.0,398.0,1.49,530,615,29.92,49.7,206,132.67,323
0.093,0.522,1.248,0.0345,0.0338,2.681,1.62,0.264,0.531,718.0,9.63,5,930.0,2.11,861.0,56.0,547.0,2.43,573,680,30.49,53.07,243,129.18,343
0.996,1.147,0.823,0.0232,0.0087,2.961,1.15,0.106,0.677,4192.0,2.48,3,924.0,2.25,765.0,26.0,445.0,3.44,858,942,14.39,33.31,571,77.97,494
0.464,0.804,1.318,0.0268,0.0193,2.148,0.853,0.498,0.428,4219.0,4.38,1,894.0,0.75,843.0,32.0,456.0,3.77,622,680,26.09,52.28,381,91.47,326
0.196,0.425,0.282,0.0081,0.0115,0.31,0.35,0.491,0.731,3146.0,4.38,4,811.0,2.9,835.0,54.0,334.0,0.5,532,681,25.49,45.49,287,73.96,359
0.651,1.359,1.769,0.0314,0.0282,1.707,1.744,0.325,0.824,2089.0,4.56,1,817.0,2.26,896.0,49.0,427.0,4.72,749,811,23.23,32.62,471,99.03,425
0.935,0.637,1.952,0.0095,0.0211,0.272,0.399,0.402,0.146,4099.0,3.31,1,807.0,3.18,828.0,5.0,435.0,1.24,643,700,17.1,30.2,575,50.84,379
0.298,0.861,1.944,0.0339,0.0229,1.426,0.689,0.358,0.833,2996.0,8.27,3,839.0,2.2,769.0,23.0,553.0,1.55,569,706,23.08,42.44,308,97.75,296
0.766,1.369,1.549,0.0324,0.0283,1.425,0.651,0.297,0.54,4217.0,2.98,5,820.0,1.02,837.0,28.0,670.0,1.69,766,846,22.47,34.34,514,64.7,438
0.148,0.974,0.434,0.0298,0.0151,0.231,1.756,0.027,0.845,3342.0,7.08,3,839.0,2.77,878.0,18.0,365.0,0.67,561,676,26.89,42.13,287,72.98,365
0.109,0.264,1.565,0.0063,0.0322,1.221,1.378,0.227,0.431,4030.0,2.99,0,858.0,1.1,900.0,16.0,221.0,1.05,496,578,30.78,51.74,250,117.09,276
0.661,1.416,0.244,0.0156,0.0196,0.388,1.614,0.337,0.379,3194.0,2.56,4,941.0,3.55,820.0,7.0,448.0,4.94,677,766,20.38,38.63,499,53.64,366
0.672,0.979,0.24,0.0142,0.0072,2.829,0.576,0.339,0.915,2364.0,9.28,4,892.0,2.65,805.0,40.0,472.0,1.92,674,750,20.67,30.24,470,93.44,353
0.783,0.569,0.782,0.0176,0.025,3.317,1.287,0.187,0.251,4811.0,3.52,4,925.0,1.05,887.0,19.0,284.0,1.02,715,799,20.06,39.18,513,93.9,368
0.885,0.295,1.08,0.0081,0.0282,0.253,1.186,0.471,0.844,2935.0,8.57,2,907.0,3.87,787.0,8.0,580.0,0.98,808,899,18.42,28.24,531,52.77,469
1.172,1.212,1.587,0.0378,0.0125,3.343,1.682,0.084,0.484,3223.0,6.36,1,817.0,2.31,846.0,18.0,692.0,3.74,920,1042,11.74,20.65,658,67.81,589
0.644,0.968,1.43,0.0244,0.0303,1.829,1.822,0.25,0.514,1492.0,2.62,3,910.0,0.76,817.0,49.0,673.0,4.35,727,828,21.4,37.56,481,93.11,397
0.421,0.847,1.003,0.0157,0.0319,1.048,0.123,0.345,0.308,3315.0,9.64,4,841.0,2.69,766.0,52.0,299.0,1.66,560,704,24.6,32.79,351,77.3,338
0.964,1.351,0.693,0.0189,0.0111,0.269,1.381,0.349,0.573,3072.0,3.98,0,896.0,1.39,809.0,32.0,638.0,0.59,828,882,15.97,33.67,593,46.5,441
0.361,1.204,1.995,0.0207,0.0345,1.752,0.198,0.324,0.325,1332.0,8.88,4,851.0,3.31,797.0,28.0,552.0,1.5,643,743,24.18,28.59,299,93.61,323
0.555,0.312,0.967,0.026,0.0066,2.781,1.143,0.138,0.039,768.0,3.35,5,950.0,3.36,856.0,59.0,427.0,0.75,580,688,22.1,33.75,379,76.11,323
0.14,0.536,1.012,0.023,0.0087,2.475,0.647,0.078,0.272,3220.0,8.83,1,840.0,3.93,893.0,16.0,470.0,0.97,528,670,31.84,55.08,220,119.21,333
0.079,0.448,0.495,0.0372,0.0081,0.176,0.683,0.318,0.006,3937.0,2.11,1,842.0,2.26,798.0,17.0,625.0,2.44,411,465,28.22,44.99,204,109.53,205
1.157,1.142,1.631,0.0224,0.0315,0.255,0.771,0.3,0.978,2855.0,6.09,3,940.0,2.09,874.0,21.0,440.0,1.53,823,930,15.06,24.3,647,46.89,500
1.011,0.147,1.449,0.0397,0.0236,1.41,1.28,0.09,0.966,1520.0,8.16,2,804.0,3.14,768.0,15.0,387.0,2.82,800,935,13.6,36.15,602,72.01,428
0.85,0.898,0.597,0.0348,0.007,1.034,0.735,0.353,0.395,3499.0,9.48,3,905.0,0.96,835.0,26.0,447.0,1.64,717,791,15.49,29.04,521,41.6,422
0.52,1.167,0.348,0.0123,0.0165,0.813,1.492,0.228,0.728,860.0,9.27,4,909.0,2.41,770.0,55.0,490.0,4.73,651,788,28.75,43.42,442,93.22,438
0.249,1.327,1.425,0.0376,0.0223,0.984,0.869,0.334,0.346,2488.0,8.56,5,925.0,2.41,891.0,39.0,295.0,4.58,558,609,27.35,50.89,294,96.75,315
0.23,0.579,1.378,0.0091,0.0048,2.812,0.23,0.419,0.671,1235.0,9.11,0,946.0,0.81,867.0,28.0,650.0,3.05,539,662,27.69,47.79,269,130.33,326
0.338,1.25,0.692,0.0336,0.0311,3.252,1.589,0.085,0.805,1330.0,3.59,3,946.0,1.96,852.0,56.0,537.0,2.09,574,717,26.12,36.02,355,108.29,365
0.682,0.255,1.912,0.0183,0.0285,1.418,0.643,0.01,0.947,1410.0,4.27,2,810.0,3.49,875.0,8.0,517.0,2.22,790,905,22.58,33.34,474,67.95,439
0.872,1.285,0.472,0.0357,0.0187,3.171,0.922,0.39,0.4,2240.0,4.31,3,923.0,3.5,851.0,17.0,250.0,2.35,578,671,17.74,46.13,534,67.24,274
0.809,0.278,0.978,0.0354,0.0339,1.125,1.402,0.305,0.783,730.0,5.02,1,897.0,0.85,896.0,36.0,502.0,3.77,733,787,19.5,31.37,529,70.47,364
0.372,0.656,1.899,0.0332,0.0158,1.668,0.732,0.35,0.266,2290.0,5.15,4,897.0,0.82,860.0,39.0,260.0,2.53,711,853,22.3,57.49,338,99.5,426
1.148,1.216,0.956,0.0327,0.0345,0.791,0.208,0.419,0.99,2803.0,6.36,4,819.0,1.42,889.0,7.0,239.0,4.36,844,941,14.75,35.58,636,27.86,442
0.899,0.31,1.349,0.0157,0.024,2.242,0.81,0.401,0.026,2675.0,3.28,4,898.0,3.56,832.0,27.0,464.0,4.75,825,877,16.04,34.62,516,46.84,426
0.688,0.421,0.916,0.0078,0.0229,3.426,1.894,0.48,0.604,2223.0,7.53,4,947.0,0.95,776.0,41.0,401.0,2.01,619,737,21.02,37.73,518,97.13,382
0.753,1.111,0.694,0.0191,0.0075,2.112,1.319,0.268,0.66,4276.0,3.34,4,937.0,3.02,834.0,43.0,494.0,3.02,651,749,15.27,32.62,479,81.23,378
0.533,1.108,1.971,0.0111,0.0311,1.252,1.376,0.244,0.688,1154.0,4.48,4,866.0,0.85,778.0,40.0,245.0,0.93,739,801,23.27,38.9,444,70.67,432
0.335,0.998,0.937,0.0293,0.0161,2.267,1.301,0.201,0.12,2776.0,6.03,0,806.0,2.68,843.0,23.0,415.0,1.4,666,737,20.49,39.86,333,90.69,377
0.459,1.072,1.809,0.0171,0.0074,0.43,0.478,0.077,0.939,779.0,8.37,2,854.0,1.75,828.0,10.0,287.0,2.36,604,660,22.56,40.5,356,83.32,340
0.922,0.86,0.614,0.0391,0.0024,3.11,0.895,0.286,0.181,820.0,7.92,4,924.0,3.26,847.0,28.0,694.0,1.43,718,825,12.76,24.75,550,94.34,391
0.067,0.453,0.584,0.0274,0.0205,1.761,1.527,0.139,0.623,3082.0,7.16,2,905.0,1.32,761.0,12.0,481.0,4.44,527,639,30.26,41.58,231,108.64,279
0.183,0.584,0.256,0.0338,0.0194,1.573,0.293,0.461,0.223,3047.0,3.25,5,869.0,2.74,787.0,57.0,544.0,1.21,408,508,27.39,52.85,249,95.95,241
0.103,0.354,1.373,0.0096,0.0257,2.051,0.628,0.292,0.307,4451.0,6.38,4,808.0,1.32,829.0,31.0,363.0,2.55,550,681,26.91,39.88,229,117.32,318
0.097,1.372,0.863,0.0352,0.0314,2.187,0.625,0.296,0.546,3010.0,2.7,3,864.0,3.0,893.0,22.0,247.0,3.23,368,504,31.41,52.49,228,122.4,246
1.034,0.917,1.756,0.0373,0.0046,0.251,0.921,0.177,0.417,4819.0,5.02,4,870.0,3.56,814.0,47.0,688.0,3.61,858,969,12.7,19.85,612,36.83,452
0.859,0.661,1.052,0.022,0.0261,2.389,1.963,0.026,0.16,719.0,5.31,1,939.0,0.94,819.0,32.0,343.0,2.22,722,773,11.05,35.97,554,92.6,411
0.595,0.747,1.943,0.0262,0.0082,0.847,0.228,0.016,0.171,941.0,2.32,0,896.0,3.53,860.0,22.0,412.0,4.41,663,782,22.1,37.06,425,81.79,369
0.163,1.426,0.534,0.0318,0.0303,2.499,1.086,0.212,0.418,698.0,4.19,3,847.0,2.58,845.0,50.0,525.0,3.06,549,640,24.02,53.35,276,111.4,309
0.615,0.315,1.764,0.0111,0.029,2.879,0.441,0.042,0.757,1334.0,9.65,3,879.0,0.94,802.0,53.0,212.0,2.48,723,829,19.04,36.04,420,75.97,413
0.594,0.921,1.598,0.0226,0.0198,2.814,1.944,0.303,0.898,2936.0,9.63,1,810.0,2.0,818.0,42.0,605.0,0.8,733,847,20.06,28.07,480,105.69,457
0.249,0.808,1.588,0.019,0.0254,1.934,0.315,0.44,0.084,3405.0,4.82,4,946.0,1.06,790.0,8.0,468.0,2.59,613,698,23.42,44.08,272,116.32,401
0.549,0.956,1.721,0.0101,0.0124,1.821,0.867,0.441,0.393,705.0,2.34,0,854.0,2.95,895.0,36.0,339.0,4.19,599,740,20.78,39.82,401,82.24,424
0.508,0.125,1.57,0.0179,0.0175,0.5,1.502,0.33,0.1,4757.0,3.43,3,872.0,3.16,778.0,47.0,231.0,3.27,688,751,19.57,39.18,395,78.03,337
0.758,1.321,1.327,0.0074,0.0291,2.714,1.439,0.106,0.017,4290.0,5.14,0,853.0,0.87,812.0,13.0,281.0,4.24,697,814,18.95,37.72,515,80.16,395
0.78,1.405,0.436,0.0059,0.0172,0.95,0.903,0.431,0.662,1835.0,9.58,3,902.0,2.27,764.0,18.0,648.0,2.72,742,792,15.84,31.58,505,67.91,379
0.102,0.891,0.259,0.0097,0.0138,1.738,0.758,0.443,0.602,847.0,3.13,4,899.0,3.35,791.0,54.0,543.0,1.03,512,654,28.53,41.64,232,101.01,338
0.481,1.075,1.858,0.0387,0.0183,0.995,0.855,0.098,0.163,1264.0,8.11,5,907.0,3.78,869.0,6.0,325.0,0.56,702,763,25.11,35.38,393,69.41,390
0.77,1.391,1.31,0.0242,0.0293,0.468,0.602,0.369,0.234,1071.0,2.87,3,840.0,2.3,788.0,46.0,233.0,1.86,801,860,20.01,32.02,519,66.59,412
0.629,1.09,1.634,0.0388,0.0131,2.203,0.49,0.143,0.024,1055.0,9.85,5,847.0,3.83,771.0,31.0,545.0,3.64,741,824,20.4,34.8,409,93.67,392
1.035,0.314,1.067,0.0201,0.0077,0.19,1.018,0.401,0.835,2834.0,5.05,3,819.0,2.37,826.0,30.0,486.0,4.06,803,890,12.5,41.33,612,34.89,415
0.807,0.907,0.411,0.0159,0.0255,2.62,0.61,0.499,0.975,1606.0,8.2,2,898.0,1.88,761.0,5.0,402.0,1.83,700,771,18.21,40.14,516,70.29,305
0.237,0.949,0.425,0.0227,0.0293,1.112,0.646,0.015,0.135,2112.0,4.74,4,806.0,3.47,772.0,50.0,382.0,2.73,544,652,25.05,48.69,269,108.38,287
0.131,0.694,1.434,0.0204,0.0053,0.0,1.348,0.449,0.231,4953.0,7.02,1,890.0,2.23,873.0,25.0,308.0,2.4,562,656,28.44,49.61,254,84.99,354
0.789,1.131,0.975,0.0087,0.0099,1.789,1.94,0.311,0.868,3579.0,3.54,5,930.0,2.15,868.0,35.0,535.0,2.35,796,849,14.73,35.72,538,71.1,468
0.08,1.408,0.561,0.0274,0.0067,0.164,1.247,0.487,0.926,4770.0,3.17,1,934.0,2.22,888.0,42.0,685.0,1.54,396,477,30.41,49.93,223,96.13,278
0.724,1.396,1.085,0.0126,0.0135,0.967,0.246,0.233,0.42,1142.0,9.5,4,867.0,3.46,880.0,44.0,288.0,1.11,781,912,19.21,36.34,483,51.56,483
1.131,0.731,0.316,0.0267,0.0169,2.474,0.244,0.424,0.051,2220.0,9.34,1,869.0,3.41,856.0,58.0,499.0,1.39,766,884,17.45,27.58,620,58.8,411
0.712,0.259,1.248,0.0278,0.0267,0.219,1.908,0.031,0.039,2996.0,9.1,4,812.0,1.91,767.0,34.0,412.0,0.75,652,774,21.93,25.3,486,60.41,351
0.496,1.479,0.684,0.0103,0.0235,2.938,0.665,0.168,0.574,845.0,7.0,1,901.0,1.67,870.0,27.0,423.0,1.39,568,687,23.69,38.23,389,103.22,289
0.79,1.274,1.636,0.0071,0.0225,0.013,0.275,0.034,0.393,519.0,8.47,5,923.0,2.22,878.0,57.0,327.0,0.54,628,709,17.9,33.0,511,54.31,337
0.577,0.275,0.759,0.0323,0.0136,0.864,1.238,0.488,0.029,3517.0,2.55,2,837.0,2.5,872.0,40.0,613.0,3.32,594,653,19.89,34.72,406,95.38,329
0.677,1.389,1.019,0.0211,0.0298,2.593,1.285,0.408,0.583,3388.0,4.68,1,863.0,1.33,831.0,21.0,443.0,1.92,697,774,21.73,33.68,477,96.93,356
1.133,1.318,0.221,0.007,0.0176,1.107,1.332,0.426,0.011,2349.0,4.51,5,926.0,3.28,793.0,12.0,472.0,4.88,866,999,12.55,28.84,622,43.48,512
0.494,0.826,0.33,0.0398,0.0343,0.357,0.608,0.469,0.787,2703.0,7.09,3,932.0,2.2,878.0,51.0,352.0,1.37,619,767,24.93,43.96,383,75.23,403
1.155,0.928,0.906,0.007,0.0229,1.261,0.129,0.043,0.306,2369.0,4.85,4,836.0,1.67,862.0,25.0,291.0,2.06,813,912,13.48,28.4,632,60.95,441
1.091,0.659,1.064,0.0293,0.0062,0.946,1.934,0.193,0.04,608.0,3.19,0,883.0,0.87,897.0,41.0,243.0,2.11,782,832,14.45,31.89,628,52.63,375
0.275,0.177,1.28,0.0394,0.0243,2.949,0.577,0.036,0.588,2009.0,6.77,0,829.0,1.34,782.0,31.0,557.0,0.54,534,598,27.06,48.3,289,100.7,340
0.13,0.569,0.725,0.0134,0.0127,1.097,1.384,0.105,0.398,1297.0,8.52,4,815.0,3.82,792.0,16.0,298.0,4.28,487,569,26.21,45.9,265,112.66,285
0.166,1.224,1.451,0.01,0.0246,2.761,1.443,0.115,0.974,943.0,5.06,2,937.0,1.57,790.0,38.0,545.0,0.64,549,656,25.47,49.31,292,130.08,386
0.071,0.106,1.748,0.0092,0.0043,3.122,1.259,0.235,0.544,4805.0,3.06,1,923.0,1.09,871.0,8.0,395.0,4.73,539,596,26.82,39.85,212,143.14,300
0.159,0.567,1.604,0.0156,0.0078,1.518,0.695,0.134,0.275,3197.0,3.57,2,914.0,2.11,786.0,28.0,408.0,4.51,540,684,29.71,44.9,246,101.63,346
0.835,0.657,0.271,0.0085,0.0302,3.185,0.615,0.05,0.709,3779.0,3.9,0,807.0,1.57,769.0,35.0,435.0,2.91,679,765,15.58,30.79,528,77.01,353
0.132,0.852,1.065,0.0292,0.0095,1.321,1.236,0.084,0.271,1919.0,4.4,5,927.0,0.62,900.0,29.0,384.0,2.95,501,642,26.38,55.02,248,95.87,308
0.417,1.388,0.389,0.0072,0.0296,3.374,1.746,0.074,0.904,2269.0,7.14,4,866.0,1.63,763.0,46.0,250.0,3.44,621,749,24.82,43.35,408,111.8,327
1.022,0.585,0.636,0.0228,0.0112,0.313,1.899,0.487,0.375,1566.0,6.81,4,851.0,2.4,877.0,51.0,355.0,2.24,787,912,14.17,22.89,616,49.14,415
0.077,0.586,1.976,0.0399,0.0232,2.405,0.301,0.38,0.55,936.0,7.57,2,882.0,2.43,811.0,47.0,532.0,3.41,462,572,28.09,51.43,209,114.3,308
0.987,1.133,0.456,0.0335,0.0249,1.728,0.394,0.484,0.051,1306.0,4.9,5,814.0,1.75,878.0,7.0,533.0,0.7,733,845,14.26,34.81,540,56.64,414
0.374,0.733,1.098,0.0265,0.0189,1.357,1.895,0.22,0.426,4089.0,8.59,2,913.0,2.07,838.0,16.0,343.0,0.74,626,739,19.74,42.07,343,70.59,356
0.186,0.414,1.313,0.0157,0.0121,2.214,1.499,0.139,0.832,3549.0,3.63,1,887.0,3.88,886.0,35.0,430.0,2.56,504,616,25.28,49.73,301,126.07,285
0.851,0.733,1.464,0.0268,0.009,2.463,1.778,0.399,0.806,2961.0,5.75,3,828.0,1.82,890.0,56.0,297.0,2.97,768,873,19.6,20.5,564,57.92,424
0.773,0.297,1.207,0.0234,0.0031,0.015,0.485,0.163,0.224,2638.0,8.41,5,828.0,1.4,761.0,51.0,305.0,4.5,741,889,17.33,21.04,472,57.52,478
1.059,0.347,0.218,0.0199,0.012,0.584,1.216,0.15,0.226,4651.0,3.44,3,828.0,1.35,771.0,51.0,212.0,0.97,712,835,10.31,22.93,599,44.68,421
0.895,0.798,0.788,0.0096,0.0236,2.496,1.432,0.116,0.817,827.0,2.88,1,809.0,2.1,795.0,22.0,648.0,4.2,705,832,14.56,32.85,583,71.72,380
0.974,0.686,1.132,0.036,0.033,2.332,1.392,0.065,0.93,1763.0,9.07,3,888.0,3.16,854.0,29.0,305.0,1.45,792,929,16.11,38.18,581,65.57,495
0.374,1.381,0.358,0.0207,0.0307,3.381,0.875,0.128,0.095,2075.0,4.74,0,926.0,1.22,884.0,31.0,314.0,2.27,589,660,25.07,36.89,343,101.25,381
0.254,0.607,0.831,0.0118,0.0273,2.664,0.129,0.178,0.45,4021.0,7.47,3,803.0,2.98,824.0,14.0,340.0,1.92,621,679,25.6,40.65,273,108.12,354
0.913,0.913,0.26,0.0179,0.028,3.328,1.208,0.337,0.337,4966.0,2.2,1,807.0,0.57,845.0,7.0,264.0,2.3,762,860,14.93,32.18,537,88.19,456
0.978,0.985,0.341,0.0195,0.0239,2.459,0.581,0.031,0.871,1583.0,7.52,3,886.0,1.97,786.0,57.0,520.0,1.18,799,900,12.53,27.98,582,78.56,486
1.189,0.118,0.914,0.034,0.0106,1.043,0.955,0.105,0.084,4434.0,4.53,4,923.0,3.22,873.0,18.0,238.0,2.77,850,982,12.9,23.47,696,34.88,441
0.525,1.029,0.439,0.0307,0.0319,0.369,1.919,0.405,0.211,4238.0,2.45,2,849.0,1.69,895.0,18.0,267.0,4.11,606,700,23.8,37.39,440,56.59,405
0.478,0.349,1.222,0.0319,0.0241,2.736,0.858,0.073,0.752,1511.0,6.88,0,852.0,2.47,798.0,10.0,522.0,2.49,677,784,25.41,47.01,373,90.89,424
0.943,1.445,1.441,0.0054,0.0205,2.255,1.696,0.171,0.051,2297.0,3.93,4,889.0,1.22,829.0,56.0,370.0,2.71,802,904,13.63,36.72,590,84.5,466
0.442,0.308,1.641,0.0196,0.0057,0.169,0.458,0.432,0.493,2344.0,5.09,4,841.0,3.1,772.0,37.0,554.0,4.32,657,710,26.1,41.28,331,67.98,351
1.12,0.68,0.56,0.0218,0.0168,1.26,1.378,0.077,0.442,4902.0,2.64,1,804.0,0.68,838.0,42.0,479.0,3.68,766,877,13.09,35.87,629,44.43,398
1.037,0.219,0.501,0.0057,0.0172,3.349,1.956,0.041,0.334,1314.0,3.18,2,910.0,3.48,830.0,55.0,328.0,2.71,824,956,14.5,31.81,630,85.43,468
0.543,1.496,0.388,0.0141,0.0305,1.751,0.294,0.242,0.395,4096.0,4.38,2,894.0,1.19,780.0,24.0,525.0,1.66,592,657,23.64,44.91,394,79.66,341
0.914,0.803,1.346,0.0316,0.02,1.515,0.116,0.151,0.53,2004.0,2.72,5,887.0,3.56,822.0,39.0,258.0,4.48,767,876,15.21,27.42,544,58.65,404
0.918,0.934,1.472,0.0098,0.0146,1.602,0.924,0.282,0.161,3789.0,9.29,0,911.0,1.73,807.0,7.0,468.0,3.1,775,884,11.9,28.37,561,68.88,439
0.169,0.194,0.257,0.0237,0.0342,0.731,0.276,0.402,0.572,2390.0,2.05,1,901.0,3.03,833.0,15.0,419.0,1.5,469,535,28.87,43.3,247,114.29,231
1.088,1.15,1.885,0.0125,0.0057,1.29,1.522,0.069,0.805,3103.0,5.87,0,831.0,1.62,842.0,51.0,334.0,1.71,906,968,14.38,27.81,626,41.16,472
0.631,0.394,0.294,0.0054,0.0159,1.294,1.838,0.29,0.76,4247.0,2.99,5,853.0,3.67,761.0,47.0,502.0,4.11,654,802,19.81,37.68,475,89.0,360
1.0,1.357,1.174,0.0134,0.0034,0.183,0.925,0.253,0.154,4119.0,4.46,3,819.0,0.94,867.0,24.0,636.0,0.7,710,799,16.25,31.62,596,39.01,355
0.418,0.387,1.476,0.0392,0.0264,2.686,0.592,0.072,0.149,4399.0,9.41,4,819.0,1.12,860.0,26.0,699.0,4.96,526,598,25.38,51.51,345,92.92,309
1.08,0.367,1.768,0.0331,0.0323,1.458,0.925,0.312,0.268,768.0,3.29,0,901.0,2.23,811.0,34.0,504.0,1.09,854,921,10.78,32.01,619,52.28,443
0.498,0.151,1.485,0.0386,0.0112,2.878,1.475,0.137,0.361,3614.0,9.73,4,929.0,0.79,767.0,5.0,402.0,4.08,652,768,22.58,37.47,407,87.32,369
0.062,0.761,1.643,0.0221,0.0303,2.976,0.117,0.244,0.408,1130.0,3.65,1,944.0,1.19,866.0,18.0,313.0,2.28,425,535,24.51,48.74,193,130.76,248
1.091,0.891,0.811,0.0088,0.0116,0.742,1.22,0.041,0.68,2371.0,7.93,3,894.0,3.8,894.0,16.0,329.0,2.71,823,937,13.39,35.7,610,73.46,550
0.155,0.192,1.667,0.0242,0.0321,2.301,1.265,0.23,0.057,2969.0,6.37,1,828.0,3.92,794.0,19.0,440.0,4.46,564,622,26.93,50.81,268,124.77,329
0.417,1.186,0.344,0.0209,0.0269,1.653,1.312,0.153,0.035,2312.0,9.08,3,816.0,1.82,805.0,49.0,384.0,2.36,557,696,24.73,49.12,355,90.46,369
1.143,0.735,1.811,0.0346,0.0286,3.081,0.56,0.411,0.392,2838.0,6.43,3,922.0,3.73,786.0,20.0,657.0,2.92,870,958,10.71,24.73,644,72.75,455
1.143,0.834,1.186,0.0084,0.0026,0.755,1.457,0.028,0.697,4984.0,6.28,4,887.0,2.41,841.0,16.0,384.0,0.72,925,1006,12.01,23.58,633,29.65,518
0.709,0.717,1.671,0.0221,0.0338,2.372,0.274,0.209,0.193,1108.0,3.56,1,893.0,1.44,782.0,33.0,387.0,0.51,772,868,12.93,32.33,471,73.54,427
0.777,0.661,1.014,0.0103,0.026,2.127,0.479,0.229,0.642,3540.0,3.33,1,917.0,2.96,810.0,53.0,392.0,1.6,718,807,19.46,32.45,473,73.88,379
0.566,0.883,1.358,0.0164,0.0121,1.034,1.767,0.363,0.26,2282.0,9.33,0,905.0,2.81,858.0,18.0,618.0,3.56,691,827,21.33,33.36,474,77.26,471
0.387,0.317,1.148,0.0308,0.0294,0.478,1.504,0.287,0.886,1099.0,4.62,1,925.0,3.96,838.0,9.0,525.0,1.05,644,786,24.37,43.74,403,68.63,410
0.428,0.355,1.517,0.0217,0.0113,2.281,0.126,0.334,0.896,1214.0,4.98,0,808.0,1.43,814.0,25.0,507.0,1.01,641,721,20.59,43.0,327,94.07,376
0.823,1.306,0.347,0.0182,0.0308,2.585,0.572,0.389,0.297,4772.0,8.08,2,912.0,2.85,819.0,46.0,367.0,2.35,673,809,18.45,40.23,516,75.02,375
0.915,1.425,0.309,0.0188,0.0057,1.105,0.507,0.431,0.23,4458.0,4.71,2,928.0,0.68,839.0,35.0,609.0,3.42,718,846,19.58,22.9,521,71.57,384
0.96,0.623,0.645,0.0211,0.0252,2.257,0.615,0.157,0.411,4582.0,9.62,2,843.0,0.9,761.0,50.0,219.0,3.7,668,811,15.23,26.08,553,52.04,403
0.958,0.479,0.487,0.0325,0.0198,1.383,0.57,0.269,0.241,4962.0,7.9,5,896.0,0.51,771.0,58.0,635.0,1.3,737,811,16.93,34.87,547,42.49,388
0.155,1.002,1.769,0.0362,0.0052,2.496,0.219,0.42,0.672,1437.0,6.78,1,847.0,4.0,883.0,49.0,456.0,0.86,578,685,25.93,47.82,242,117.42,360
0.619,0.672,0.595,0.0384,0.01,0.697,0.972,0.495,0.826,2099.0,9.05,5,944.0,3.31,771.0,38.0,399.0,4.73,636,713,20.56,37.84,452,81.34,376
0.116,0.136,1.957,0.0325,0.0024,3.116,1.492,0.445,0.673,3511.0,2.4,1,805.0,3.25,859.0,32.0,449.0,1.67,586,718,25.2,54.0,239,129.72,360
0.682,0.319,0.806,0.016,0.0175,1.006,1.253,0.186,0.824,2677.0,4.06,0,887.0,2.28,889.0,7.0,534.0,4.34,643,693,21.35,31.31,487,72.17,371
0.558,1.102,0.528,0.0291,0.0119,1.287,1.378,0.098,0.397,2383.0,5.72,5,825.0,1.55,798.0,59.0,206.0,4.39,580,686,21.95,35.2,421,76.5,348
1.071,1.022,1.621,0.0203,0.0217,0.203,0.254,0.245,0.156,2110.0,3.82,5,907.0,1.03,812.0,26.0,636.0,3.98,823,906,11.5,24.35,562,44.53,426
0.454,0.138,1.386,0.0139,0.0118,0.39,1.908,0.371,0.738,3172.0,7.95,5,826.0,1.5,840.0,13.0,423.0,1.26,641,723,21.59,30.86,400,84.93,355
0.185,0.411,1.097,0.0344,0.0119,1.806,1.693,0.246,0.36,3090.0,9.35,3,835.0,1.82,883.0,42.0,371.0,4.2,479,593,27.35,46.96,308,104.39,300
0.214,0.424,1.2,0.0063,0.0265,0.937,1.63,0.242,0.671,1227.0,5.39,0,874.0,3.15,892.0,21.0,269.0,3.96,530,665,28.64,43.11,295,87.04,360
0.926,1.041,1.495,0.0366,0.0036,2.924,1.664,0.419,0.271,2623.0,4.74,2,937.0,2.39,864.0,37.0,420.0,3.19,759,869,19.07,27.82,549,64.26,441
0.761,0.128,0.611,0.0212,0.0318,0.051,1.872,0.181,0.081,2991.0,9.69,0,832.0,0.77,772.0,37.0,448.0,2.02,755,890,18.32,30.21,524,63.64,427
0.166,0.246,1.993,0.0273,0.0301,1.327,1.134,0.43,0.993,3066.0,5.56,3,822.0,0.56,854.0,30.0,402.0,1.68,612,688,24.78,46.59,261,87.87,372
0.147,1.22,1.955,0.0281,0.024,1.181,0.481,0.203,0.156,1445.0,5.91,1,914.0,0.86,817.0,51.0,539.0,1.05,515,616,28.27,43.07,230,119.76,319
0.856,0.35,1.371,0.0363,0.0216,0.068,1.272,0.164,0.988,3840.0,4.81,0,875.0,1.94,826.0,20.0,410.0,2.79,753,848,20.73,33.99,552,44.76,470
0.134,1.014,0.559,0.0273,0.0314,0.435,1.511,0.227,0.977,613.0,9.28,5,937.0,3.77,767.0,30.0,681.0,3.13,598,649,24.74,49.62,299,99.41,327
0.995,0.433,1.424,0.0265,0.0081,1.448,1.502,0.381,0.794,2097.0,6.55,2,822.0,2.73,787.0,35.0,500.0,2.12,877,982,13.17,28.63,610,61.8,459
0.862,0.239,0.33,0.0073,0.0046,1.725,1.091,0.063,0.659,4011.0,8.1,2,897.0,3.31,871.0,41.0,604.0,2.64,665,781,18.29,30.95,526,58.69,425
0.144,0.44,0.255,0.0231,0.0099,1.415,0.23,0.098,0.578,3038.0,8.49,1,835.0,2.13,824.0,48.0,255.0,2.14,532,641,28.15,48.05,221,100.91,303
0.148,1.111,0.664,0.0103,0.0282,1.858,0.805,0.476,0.866,1675.0,4.73,0,824.0,1.77,802.0,27.0,399.0,3.38,515,638,26.69,46.9,236,111.02,327
1.185,1.298,1.033,0.0308,0.0031,2.083,1.849,0.088,0.289,3627.0,5.47,3,903.0,0.88,814.0,41.0,368.0,4.56,908,1015,12.67,32.95,683,41.19,513
0.48,1.262,1.763,0.0229,0.0212,0.035,1.21,0.284,0.468,3053.0,8.79,1,889.0,3.57,880.0,13.0,485.0,1.24,669,725,24.76,41.99,416,60.87,363
0.476,0.656,1.509,0.0288,0.0348,1.624,1.123,0.29,0.619,4083.0,4.91,0,913.0,3.24,865.0,56.0,631.0,2.22,723,784,22.66,45.96,408,77.9,386
0.985,1.035,1.537,0.0065,0.0302,3.372,0.611,0.245,0.411,3808.0,8.35,4,846.0,1.09,798.0,26.0,239.0,1.13,740,849,14.85,33.35,603,86.71,374
1.139,0.387,0.966,0.008,0.0192,1.817,0.8,0.322,0.427,3245.0,9.53,2,867.0,2.29,776.0,45.0,236.0,3.31,809,886,14.09,20.63,647,53.81,412
1.184,0.51,0.823,0.0301,0.0041,2.371,1.801,0.115,0.33,2697.0,6.99,3,861.0,2.21,795.0,6.0,625.0,3.78,917,974,11.7,23.53,688,44.74,520
0.916,1.355,0.868,0.0075,0.0294,1.092,1.366,0.276,0.564,1099.0,7.93,5,948.0,2.69,889.0,16.0,306.0,4.69,650,742,18.55,31.44,556,64.69,383
0.483,0.118,1.978,0.0075,0.0218,2.709,1.596,0.186,0.851,1676.0,8.44,3,844.0,3.81,841.0,32.0,534.0,1.75,706,811,26.81,44.68,416,90.73,462
0.146,0.22,0.272,0.0054,0.0058,2.705,0.963,0.331,0.202,2386.0,8.76,5,844.0,2.53,835.0,53.0,471.0,4.78,470,552,26.02,56.72,240,98.79,244
